Target,Industries,Revenue
Ixom,Materials & Chemicals,200
First Eagle Investment Management,Finance & Business Services,200
"Pactera Technology International,",TMT,200
"Scout24,",Finance & Business Services,200
Vivint,TMT,200
Change Healthcare,Finance & Business Services,200
Mivisa,Agriculture & Food,200
"Service King,",Automotive ,200
Optiv,TMT,200
Alta Resources,Energy & Infrastructure & Construction,200
"Cheniere Energy Partners, L.P.",Energy & Infrastructure & Construction,200
LOG Exploration,Energy & Infrastructure & Construction,200
Versace,Consumer Products & Retail & E-commerce,200
"Leica Camera,",Consumer Products & Retail & E-commerce,200
Aceco TI,TMT,200
Aricent,TMT,200
Engility,TMT,200
Go Daddy,TMT,200
Go-Jek,Agriculture & Food,200
Internet Brands,TMT,200
MMI Holdings Limited,Industrials,200
Mitchell International,Finance & Business Services,200
Northgate Information Solutions Limited,TMT,200
Pioneer DJ Corporation,Entertainment,200
Savant Systems,TMT,200
SoftwareONE,TMT,200
Sonos,Entertainment,200
Ticket Monster Inc.,Consumer Products & Retail & E-commerce,200
Visma,TMT,200
Välinge,TMT,200
Academy Sports + Outdoors,Consumer Products & Retail & E-commerce,200
Channel Control Merchants,Consumer Products & Retail & E-commerce,200
Maxeda B.V.,Consumer Products & Retail & E-commerce,200
National Vision,Consumer Products & Retail & E-commerce,200
Pets at Home,Agriculture & Food,200
Rundong Automobile Group,Automotive,200
"Toys""R"" Us, Inc.",Consumer Products & Retail & E-commerce,200
US Foods,Agriculture & Food,200
"VATS Liquor Chain Store Management Co, Ltd.",Agriculture & Food,200
Vanke Wuhan Optics Valley,Real Estate & Hospitality,200
Acteon,Energy & Infrastructure & Construction,200
Emerald Media,Entertainment,200
RigNet,Entertainment,200
SBB/Telemach Group,Entertainment,200
Scout24 Schweiz,Entertainment,200
Trainline,Entertainment,200
Ultimate Fighting Championship,Consumer Products & Retail & E-commerce,200
Visant Corporation,Education,200
Weld North Holdings LLC,Education,200
PortAventura,Real Estate & Hospitality,200
Air Medical Group Holdings,Healthcare & Biotech,200
Ambea AB,Healthcare & Biotech,200
Arbor Pharmaceuticals,Healthcare & Biotech,200
LGC,Healthcare & Biotech,200
Lake Region Medical,Healthcare & Biotech,200
PRA Health Sciences,Healthcare & Biotech,200
Panasonic Healthcare,Healthcare & Biotech,200
Alliant Insurance Services,Finance & Business Services,200
Avendus Capital,Finance & Business Services,200
China International Capital Corporation Limited,Finance & Business Services,200
First Data Corporation,Finance & Business Services,200
Magma Fincorp,Finance & Business Services,200
Sedgwick,Finance & Business Services,200
Accelerated Oil Technologies,Energy & Infrastructure & Construction,200
Energy Future Holdings Corp.,Energy & Infrastructure & Construction,200
Cognita Schools,Education,200
Laureate International Universities,Education,200
Unither,Industrials,200
SLV,Consumer Products & Retail & E-commerce,200
Weber Automative,Industrials,200
Hypered,Healthcare & Biotech,200
Dedalus                          ,TMT,200
Encision Pharma,Healthcare & Biotech,200
Trigo,Finance & Business Services,200
d&b audiotechnik,TMT,200
Solina Group,Consumer Products & Retail & E-commerce,200
ESIM Chemicals,Industrials,200
IRCA,Industrials,200
SIACI SIANT HONORE,Finance & Business Services,200
ItalMatch Chemicals,Industrials,200
Schleich,Consumer Products & Retail & E-commerce,200
NHV Group,Transportation,200
Trescal,Finance & Business Services,200
Fives,Industrials,200
Riemser,Healthcare & Biotech,200
Photonis,Industrials,200
Odigeo,Consumer Products & Retail & E-commerce,200
Lowen Play,Consumer Products & Retail & E-commerce,200
Jubao Interconnection Technology___,TMT,200
Shanghai Yupei Group,Consumer Products & Retail & E-commerce,200
Kendra Scott,Consumer Products & Retail & E-commerce,200
Masergy,TMT,200
Parts Town,Finance & Business Services,200
Rockport Group,Consumer Products & Retail & E-commerce,200
Protelindo,TMT,200
Implus,Consumer Products & Retail & E-commerce,200
Affordable Dentures & Implants,Healthcare & Biotech,200
Access Information Protected,Finance & Business Services,200
Catalina,Consumer Products & Retail & E-commerce,200
Opening Ceremony,Consumer Products & Retail & E-commerce,200
Portillo's,Consumer Products & Retail & E-commerce,200
SRS Distribution,Industrials,200
Lightower,TMT,200
Farm Boy,Consumer Products & Retail & E-commerce,200
New Asurion,Finance & Business Services,200
Torres Unidas,TMT,200
Husky,Industrials,200
Melissa & Doug,Consumer Products & Retail & E-commerce,200
TransDigm,Industrials,200
HMT,Industrials,200
Citizens of Humanity,Consumer Products & Retail & E-commerce,200
Vi-jon,Consumer Products & Retail & E-commerce,200
National Vision,Consumer Products & Retail & E-commerce,200
CWC Energy Services,Energy & Infrastructure & Construction,200
IPICO,TMT,200
Tracelink,Healthcare & Biotech,200
Mavenlink,TMT,200
PERSADO,Healthcare & Biotech,200
sprout social,TMT,200
Tastemade,TMT,200
evariant,Healthcare & Biotech,200
vitals,Healthcare & Biotech,200
LLamasoft,TMT,200
CREDIBLE,Healthcare & Biotech,200
ScienceLogic,TMT,200
Avepoint,TMT,200
APPLAUSE,TMT,200
SPICEWORKS,TMT,200
MetricStream ,TMT,200
Infusion Soft,TMT,200
Anchor Free,TMT,200
ENDURANCE international group,Finance & Business Services,200
IMAGINE ADVANTAGE,Finance & Business Services,200
D-WAVE,TMT,200
American Traffic Solutions,Transportation,200
SPRING Media Solutions,TMT,200
BACK Office Associates,TMT,200
BENEFITOCUS,Finance & Business Services,200
Limelight Networks,TMT,200
Pangaea Resources,TMT,200
Aspen Dental,Consumer Products & Retail & E-commerce,200
Learning  Care Group,Consumer Products & Retail & E-commerce,200
Global Tel Link,Consumer Products & Retail & E-commerce,200
Milk Specialities Global,Consumer Products & Retail & E-commerce,200
SpecialityCare,Healthcare & Biotech,200
North American Partners in Anesthesia,Healthcare & Biotech,200
Advanced Drainage Systems,Industrials,200
American Axle & Manufacturing,Industrials,200
Blount International,Industrials,200
Blue Bird,Industrials,200
Chromaflo Technologies,Industrials,200
Emerald Performance Materials,Industrials,200
Frontier Spinning Mills,Industrials,200
Henry Company,Industrials,200
Royal Adhesives and Sealants,Industrials,200
SeaStar solutions,Industrials,200
Tekni-Plex,Industrials,200
Unifrax(2011),Industrials,200
United Distribution Group,Industrials,200
Fairmount Santrol,Energy & Infrastructure & Construction,200
Ulterra Drilling Technologies,Energy & Infrastructure & Construction,200
Cigierre,Consumer Products & Retail & E-commerce,200
Keter,Consumer Products & Retail & E-commerce,200
Elysium,Healthcare & Biotech,200
Cote,Consumer Products & Retail & E-commerce,200
Dummen Orange,Finance & Business Services,200
Pharmathen,Healthcare & Biotech,200
PetSmart,Consumer Products & Retail & E-commerce,200
Taeo,Finance & Business Services,200
The Mergermarket Group,TMT,200
CarTrawler,Finance & Business Services,200
Sabre,Finance & Business Services,200
Spring Nature,TMT,200
Allflex,Finance & Business Services,200
Accudyne Industries,Industrials,200
Aenova,Healthcare & Biotech,200
Suddenlink,TMT,200
Nille,Consumer Products & Retail & E-commerce,200
Gruppo Coin,Consumer Products & Retail & E-commerce,200
Com Hem,TMT,200
INTELSAT,TMT,200
MIGROS,Consumer Products & Retail & E-commerce,200
SGB-SMIT,Industrials,200
ALROSA,Materials & Chemicals,200
Enel Russia,Energy & Infrastructure & Construction,200
Array Technologies,Energy & Infrastructure & Construction,200
Contract Land staff,Finance & Business Services,200
Horizon Solar Power,Energy & Infrastructure & Construction,200
Infrastructure & Energy Alternatives,Energy & Infrastructure & Construction,200
Kirlin,Industrials,200
MaxGen Energy Services,Energy & Infrastructure & Construction,200
Remedial Construction Services,Transportation,200
Shermco Industries,Industrials,200
Solomon Corporation,Energy & Infrastructure & Construction,200
Sterling Lumber Company,Energy & Infrastructure & Construction,200
Ten K Solar,Energy & Infrastructure & Construction,200
Trench Plate Rental Company,Energy & Infrastructure & Construction,200
Vac One Services,Energy & Infrastructure & Construction,200
Advance Pierre Goods,Consumer Products & Retail & E-commerce,200
Agro Merchants Group,Consumer Products & Retail & E-commerce,200
AloStar Bank of Commerce,Finance & Business Services,200
AmericanWest Bank,Finance & Business Services,200
Billabong,Consumer Products & Retail & E-commerce,200
Caerus Oil and Gas,Energy & Infrastructure & Construction,200
Cannery Casino Resorts,Real Estate & Hospitality,200
Conbipel,Consumer Products & Retail & E-commerce,200
Contango Oil and Gas,Energy & Infrastructure & Construction,200
Cyanco Holding Corp.,Materials & Chemicals,200
Dayco,Industrials,200
Dayton Superior Corporation,Industrials,200
Deutsche Office,Real Estate & Hospitality,200
DNA Diagnostics Center,Healthcare & Biotech,200
EXCO Resources,Energy & Infrastructure & Construction,200
First BanCorp,Finance & Business Services,200
Floatel International,Industrials,200
Gener8 Maritime,Energy & Infrastructure & Construction,200
Hanley Wood,TMT,200
Isola Group,TMT,200
Quiksilver,Consumer Products & Retail & E-commerce,200
Rural Metro Corporation,Transportation,200
Snyder's-Lance,Consumer Products & Retail & E-commerce,200
Townsquare Media,TMT,200
Advanced Disposal,Energy & Infrastructure & Construction,200
Aerostar Airport Holdings,Transportation,200
Linden Cogen Holdings,Energy & Infrastructure & Construction,200
LoneStar Airport Holdings,Transportation,200
NorthStar Transloading LLC,Transportation,200
Ports America,Transportation,200
Star West Generation LLC,Energy & Infrastructure & Construction,200
NorthStar Terminals,Transportation,200
Wildcat Midstream Holdings LLC,Transportation,200
Callcredit Ingormation Group,Finance & Business Services,200
Convergex,Finance & Business Services,200
Dash,Finance & Business Services,200
Optimal Blue,Finance & Business Services,200
Opus Global Holdings,Finance & Business Services,200
RevSpring,Finance & Business Services,200
Ceba-Tech Specialty Solutions ,Healthcare & Biotech,200
Cedar Gate Technologies,Healthcare & Biotech,200
Correct Care Solutions ,Healthcare & Biotech,200
Maravai Lifesciences,Healthcare & Biotech,200
Riverchase Dermatology,Healthcare & Biotech,200
Rx30,Healthcare & Biotech,200
Stergencies International,Healthcare & Biotech,200
TerSera  Therapeutics,Healthcare & Biotech,200
XIFIN,Healthcare & Biotech,200
Cision,TMT,200
Fairway Outdoor Advertising,TMT,200
Global Traffic Network,TMT,200
IQNavigator,TMT,200
Lytx,TMT,200
Onvoy,TMT,200
Park Place Technologies,TMT,200
Rural Broadband Investments,TMT,200
Zayo Group,TMT,200
Callcredit Information Group,Finance & Business Services,200
Convergex,Finance & Business Services,200
Dash,Finance & Business Services,200
Optimal Blue,Finance & Business Services,200
Opus Global Holdings,Finance & Business Services,200
RevSpring,Finance & Business Services,200
Ceba-Tech Specialty Solutions,Healthcare & Biotech,200
Cedar Gate Technologies,Healthcare & Biotech,200
Correct Care Solutions,Healthcare & Biotech,200
Maravai LifeSciences,Healthcare & Biotech,200
Riverchase Dermatology,Healthcare & Biotech,200
Rx30,Healthcare & Biotech,200
Sterigenics International,Healthcare & Biotech,200
TerSera Therapeutics,Healthcare & Biotech,200
XIFIN,Healthcare & Biotech,200
Cision,TMT,200
Fairway Outdoor Advertising,TMT,200
Global Traffic Network,TMT,200
IQNavigator,TMT,200
Lytx,TMT,200
Onvoy,TMT,200
Park Place Technologies,TMT,200
Rural Broadband Investments,TMT,200
XIFIN,TMT,200
Zayo Group,TMT,200
Fairway Outdoor Advertising,Finance & Business Services,200
Park Place Technologies,Finance & Business Services,200
Sterigenics International,Finance & Business Services,200
agilon health,Healthcare & Biotech,200
AssuraMed,Healthcare & Biotech,200
Atkore International,Industrials,200
BCA,Automotive,200
B&M Retail,Consumer Products & Retail & E-commerce,200
Brand,Finance & Business Services,200
CHC,Transportation,200
David’s Bridal,Consumer Products & Retail & E-commerce,200
Diversey,Finance & Business Services,200
Drive DeVilbiss Healthcare,Healthcare & Biotech,200
Envision Healthcare,Healthcare & Biotech,200
Exova,Materials & Chemicals,200
Healogics,Healthcare & Biotech,200
HD Supply,Energy & Infrastructure & Construction,200
Hertz,Automotive,200
High Ridge Brands,Automotive,200
Hussmann,Industrials,200
Kalle,Agriculture & Food,200
Mauser,Agriculture & Food,200
Motor Fuel Group,Consumer Products & Retail & E-commerce,200
NCI Building Systems,Industrials,200
PharMEDium,Healthcare & Biotech,200
Rexel,Industrials,200
Roofing Supply Group,Materials & Chemicals,200
Sally Beauty Holdings,Consumer Products & Retail & E-commerce,200
SiteOne,Energy & Infrastructure & Construction,200
Solenis,Industrials,200
ServiceMaster,Finance & Business Services,200
SPIE,Finance & Business Services,200
Tranzact,Finance & Business Services,200
TruGreen,Finance & Business Services,200
Univar,Materials & Chemicals,200
US Foods,Agriculture & Food,200
Nordnet,Finance & Business Services,200
ERT,Healthcare & Biotech,200
Greenfood,Agriculture & Food,200
Cint,Finance & Business Services,200
Sunrise Medical,Healthcare & Biotech,200
Vizrt,TMT,200
RESMAN,Industrials,200
Quant,Healthcare & Biotech,200
Bambora (formerly Euroline / SuperPay),Finance & Business Services,200
Lindorff,Finance & Business Services,200
Gina Tricot,Consumer Products & Retail & E-commerce,200
GHD - GesundHeits GmbH Deutschland,Healthcare & Biotech,200
AniCura,Healthcare & Biotech,500
Acino,Healthcare & Biotech,500
Unifeeder,Industrials,500
Ellos Group,Consumer Products & Retail & E-commerce,500
Sport Nordic (SPORTMASTER & Unisport),Consumer Products & Retail & E-commerce,500
Resurs Group,Finance & Business Services,500
Tokmanni,Consumer Products & Retail & E-commerce,500
Bladt Industries,Energy & Infrastructure & Construction,500
Itiviti (combination of Orc & CameronTec),Finance & Business Services,500
Binding Site,Healthcare & Biotech,500
Britax Childcare,Consumer Products & Retail & E-commerce,500
Handicare,Healthcare & Biotech,500
Munters,Healthcare & Biotech,500
Master Marine SA,Real Estate & Hospitality,500
SafeRoad,Transportation,500
ConvaTec,Healthcare & Biotech,500
Capio,Healthcare & Biotech,500
Luvata,Industrials,500
A-Katsastus,Finance & Business Services,500
AHT Cooling Systems,Industrials,500
Azzurri,Consumer Products & Retail & E-commerce,500
Balt,Healthcare & Biotech,500
CRUISE.co.uk,Consumer Products & Retail & E-commerce,500
Calypso,TMT,500
Cambridge Education Group,Finance & Business Services,500
Care UK,Healthcare & Biotech,500
Casino France Operations,Consumer Products & Retail & E-commerce,500
Compagnie Stéphanoise de Santé (‘C2S’),Healthcare & Biotech,500
DMC Power,Industrials,500
Diaverum,Healthcare & Biotech,500
Dorna,TMT,500
Dr Gerard,Consumer Products & Retail & E-commerce,500
Element Materials Technology,Finance & Business Services,500
Estera,Finance & Business Services,500
Fat Face,Consumer Products & Retail & E-commerce,500
Flexitallic,Industrials,500
Histoire d'Or,Consumer Products & Retail & E-commerce,500
Hobbycraft,Consumer Products & Retail & E-commerce,500
Inspired Thinking Group,Finance & Business Services,500
Inspiring Learning,Finance & Business Services,500
KGH Customs Services,Finance & Business Services,500
LOC Group,Finance & Business Services,500
Leeds Bradford Airport,Finance & Business Services,500
Moneycorp,Finance & Business Services,500
Médipôle Partenaires,Healthcare & Biotech,500
Peek a boo (Béaba – Red Castle),Consumer Products & Retail & E-commerce,500
Peyman,Consumer Products & Retail & E-commerce,500
Pret A Manger,Consumer Products & Retail & E-commerce,500
Protocol Associates,Finance & Business Services,500
Pyxidis,Healthcare & Biotech,500
Sapec Agro,Industrials,500
Smyk,Consumer Products & Retail & E-commerce,500
Sotralu,Industrials,500
The Dining Club Group,Consumer Products & Retail & E-commerce,500
Trustly,Finance & Business Services,500
Tunstall,Healthcare & Biotech,500
TüvTurk,Finance & Business Services,500
Vitamin Well,Consumer Products & Retail & E-commerce,500
WiggleCRC*,Consumer Products & Retail & E-commerce,500
Zenith,Finance & Business Services,500
eFront,TMT,500
Boats Group,Finance & Business Services,500
Duck Creek Technologies,TMT,500
Engineering Ingegneria Informatica S.p.A.,TMT,500
Invent Farma / neuraxpharm,Healthcare & Biotech,500
Vyaire Medical,Healthcare & Biotech,500
"Aptos, Inc.",TMT,500
AssuredPartners,Finance & Business Services,500
Azelis S.A.,Finance & Business Services,500
EVRY ASA,TMT,500
Exact Software,TMT,500
FULLBEAUTY Brands,Consumer Products & Retail & E-commerce,500
Ideal Protein,Healthcare & Biotech,500
idealista,Consumer Products & Retail & E-commerce,500
Quality Distribution,Finance & Business Services,500
Schulz Catering,Finance & Business Services,500
Shriram City Union Finance Ltd.,Finance & Business Services,500
Wehkamp Holding B.V.,Consumer Products & Retail & E-commerce,500
Zap Group,TMT,500
Zensar Technologies,TMT,500
Answers Corporation,Finance & Business Services,500
GENEX,Healthcare & Biotech,500
GlobalLogic,TMT,500
One Call Care Management,Healthcare & Biotech,500
"rue21, Inc.",Consumer Products & Retail & E-commerce,500
Cole Haan,Consumer Products & Retail & E-commerce,500
Garda World Security Corporation,Finance & Business Services,500
Paradigm Ltd,TMT,500
Acelity,Healthcare & Biotech,500
Takko,Consumer Products & Retail & E-commerce,500
Psagot,Finance & Business Services,500
Sophos,TMT,500
TIVIT,TMT,500
Bankrate,Finance & Business Services,500
Cengage Learning,Education,500
Grupo Electro Stocks,Finance & Business Services,500
Unilabs SA,Healthcare & Biotech,500
General Healthcare Group Limited,Healthcare & Biotech,500
Karl Lagerfeld,Consumer Products & Retail & E-commerce,500
Allegro,Consumer Products & Retail & E-commerce,500
AMCo,Healthcare & Biotech,500
Bioclinica,Healthcare & Biotech,500
CeramTec,Healthcare & Biotech,500
CPA Global,Finance & Business Services,500
ERGO Italia,Finance & Business Services,500
Hotelbeds Group,Finance & Business Services,500
JOST,Finance & Business Services,500
JRP Group,Finance & Business Services,500
Kurt Geiger,Finance & Business Services,500
Medpace,Healthcare & Biotech,500
NewDay,Finance & Business Services,500
Northgate Public Services,TMT,500
Premium Credit,Finance & Business Services,500
Pronet,Finance & Business Services,500
Tinsa,Finance & Business Services,500
Tractel,Industrials,500
Ufinet,TMT,500
Viridium Group,Finance & Business Services,500
Visma,TMT,500
Casaideas ,Consumer Products & Retail & E-commerce,500
Islamabad Diagnostics Centre,Healthcare & Biotech,500
Laureate Education,Education,500
Indorama Fertilizers,Industrials,500
Capa de Ozono,Consumer Products & Retail & E-commerce,500
Vietnam-USA Society English International,Education,500
AZIZA,Consumer Products & Retail & E-commerce,500
Jhimpir Power Limited ,Education,500
Fibabanka,Finance & Business Services,500
Ninja Van,Industrials,500
"Big Basket,",Consumer Products & Retail & E-commerce,500
Société d’Articles Hygiéniques,Consumer Products & Retail & E-commerce,500
CARE Hospital,Healthcare & Biotech,500
CEPRO ,Consumer Products & Retail & E-commerce,500
Aditya Birla Group (ABG),Education,500
Careem,Industrials,500
Nahda University (NUB),Education,500
Urbano ,Industrials,500
 Mouka,Consumer Products & Retail & E-commerce,500
Kudu ,Consumer Products & Retail & E-commerce,500
Hepsiburada ,Consumer Products & Retail & E-commerce,500
Oncologie & Diagnostic Du Maroc ,Healthcare & Biotech,500
Libstar Holdings,Consumer Products & Retail & E-commerce,500
CIRA ,Education,500
L’Accumulateur Tunisien ASSAD,Industrials,500
North Africa Hospital Holdings Group (NAHHG),Healthcare & Biotech,500
Polyclinique Taoufik ,Healthcare & Biotech,500
KPN Academy,healthcare & Biotech,500
Kool Food,consumer Products & Retail & E-commerce,500
La Fleche Bleue Algerienne,industrials,500
Wine Connection,consumer Products & Retail & E-commerce,500
Yörsan,consumer Products & Retail & E-commerce,500
CIPRÉS,Finance & Business Services,500
CONSERVICE,Finance & Business Services,500
"DISCOVERORG, LLC",Finance & Business Services,500
FRACTAL ANALYTICS PRIVATE LIMITED,Finance & Business Services,500
"MICROSEISMIC, INC.",Finance & Business Services,500
NATIONAL INTER- GOVERNMENTAL PURCHASING ALLIANCE COMPANY (NATIONAL IPA),Finance & Business Services,500
PROFESSIONAL WARRANTY SERVICE CORPORATION,Finance & Business Services,500
SÖDERBERG & PARTNERS,Finance & Business Services,500
TEGA INDUSTRIES LTD.,Finance & Business Services,500
TOWNE PARK,Finance & Business Services,500
"TRUCK HERO, INC.",Finance & Business Services,500
Universal-Investment,Finance & Business Services,500
Aqua Lung,Aerospace & Defense,500
FSP,Healthcare & Biotech,500
DEAS,Finance & Business Services,500
Artemis,Healthcare & Biotech,500
Covidence,Industrials,500
Equatex,Finance & Business Services,500
Open International,Finance & Business Services,500
Sebia,Healthcare & Biotech,500
Visma,Finance & Business Services,500
Arkopharma,Healthcare & Biotech,500
Nemera,Healthcare & Biotech,500
DORC,Healthcare & Biotech,500
CliniSys,TMT,500
University of Law,Finance & Business Services,500
BSN Medical,Consumer Products & Retail & E-commerce,500
St Hubert,Agriculture & Food,500
Authentic Brands Group,Consumer Products & Retail & E-commerce,500
BJ's Wholesale Club,Consumer Products & Retail & E-commerce,500
The Container Store,Consumer Products & Retail & E-commerce,500
David's Bridal,Consumer Products & Retail & E-commerce,500
J. Crew,Consumer Products & Retail & E-commerce,500
Jo-Ann Stores,Consumer Products & Retail & E-commerce,500
Lucky Brand,Consumer Products & Retail & E-commerce,500
Mister Car Wash,Consumer Products & Retail & E-commerce,500
Motorsport Aftermarket Group,Consumer Products & Retail & E-commerce,500
Savers,Consumer Products & Retail & E-commerce,500
Shake Shack,Consumer Products & Retail & E-commerce,500
Signet Jewelers,Consumer Products & Retail & E-commerce,500
Topshop/Topman,Consumer Products & Retail & E-commerce,500
Tourneau,Consumer Products & Retail & E-commerce,500
Union Square Hospitality Group,Consumer Products & Retail & E-commerce,500
Aspen Dental,Healthcare & Biotech,500
CHG Healthcare Services,Healthcare & Biotech,500
Equinox Fitness,Healthcare & Biotech,500
ExamWorks,Healthcare & Biotech,500
Life Time Fitness,Healthcare & Biotech,500
MultiPlan,Healthcare & Biotech,500
North American Partners in Anesthesia,Healthcare & Biotech,500
Prospect Medical,Healthcare & Biotech,500
Pure,Healthcare & Biotech,500
Quintiles IMS,Healthcare & Biotech,500
RestorixHealth,Healthcare & Biotech,500
SoulCycle,Healthcare & Biotech,500
U.S. Renal Care,Healthcare & Biotech,500
Advantage Solutions,Finance & Business Services,500
Caliber Collision Centers,Finance & Business Services,500
CCC Information Services,Finance & Business Services,500
Ellucian,Finance & Business Services,500
HITS,Finance & Business Services,500
Insight Global,Finance & Business Services,500
Packers Sanitation Services,Finance & Business Services,500
United States Infrastructure Corporation,Finance & Business Services,500
Jetro Cash & Carry,Consumer Products & Retail & E-commerce,500
The Tire Rack,Consumer Products & Retail & E-commerce,500
Aersale,Consumer Products & Retail & E-commerce,500
Clean Energy Fuels,Energy & Infrastructure & Construction,500
Accordia Golf,Consumer Products & Retail & E-commerce,500
Apex Logistics,Transportation,500
Beijing Bowei Airport Support,Aerospace & Defense,500
C&M Gangnam/Ulsan Broadcasting,TMT,500
China Network Systems,TMT,500
Coway,Healthcare & Biotech,500
Doosan Machine Tools,Industrials,500
D’LIVE (formerly C&M),Entertainment,500
Gala TV,Entertainment,500
GSEI,Finance & Business Services,500
Hanmi Capital(now Woori Financial Co.),Finance & Business Services,500
HK Savings Bank,Finance & Business Services,500
Homeplus,Agriculture & Food,500
ING Life Korea,Finance & Business Services,500
Invoice,Finance & Business Services,500
Komeda,Consumer Products & Retail & E-commerce,500
KT Rental,Automotive,500
Luye Pharma,Healthcare & Biotech,500
NEPA,Consumer Products & Retail & E-commerce,500
New China Life Insurance,Finance & Business Services,500
SAI Global,Finance & Business Services,500
Clarivate Analytics,Finance & Business Services,500
TELUS International,Finance & Business Services,500
Halla Cement,Materials & Chemicals,500
Interplex,Industrials,500
Solera,Finance & Business Services,500
Joyful Honda,Consumer Products & Retail & E-commerce,500
HCP Packaging,Industrials,500
CMS,Consumer Products & Retail & E-commerce,500
Vistra Group,Finance & Business Services,500
Weetabix,Agriculture & Food,500
Bushu Pharmaceuticals,Healthcare & Biotech,500
Rich Healthcare,Healthcare & Biotech,500
Saint George's University,Education,500
Cath Kidston,Consumer Products & Retail & E-commerce,500
COFCO Meat,Agriculture & Food,500
China Shengmu Organic Milk,Agriculture & Food,500
Giant Interactive,TMT,500
Hexaware Technologies,TMT,500
Nuvoco Vistas Corp. Ltd. (formerly Lafarge India Limited),Materials & Chemicals,500
"Logen Co., Ltd.",Consumer Products & Retail & E-commerce,500
Kyobo Life Insurance Company Limited,Finance & Business Services,500
China Yongda Automobiles Services Holdings Limited,Consumer Products & Retail & E-commerce,500
Net Japan Co. Ltd,Finance & Business Services,500
Kangda International Environmental,Energy & Infrastructure & Construction,500
Magic Holdings International Limited,Consumer Products & Retail & E-commerce,500
Impro Precision Industries Limited,Industrials,500
PT Cardig Aero Services,Consumer Products & Retail & E-commerce,500
PSB Academy Pte Ltd,Education,500
Primo Japan Inc.,Consumer Products & Retail & E-commerce,500
EduCo International Group,Education,500
Hsu Fu Chi,Agriculture & Food,500
Nord Anglia Education,Education,500
Courts Asia,Consumer Products & Retail & E-commerce,500
LHI Technology (now Carlisle Medical Technologies),Healthcare & Biotech,500
Yingde Gases,Materials & Chemicals,500
Minth Group,Automotive,500
"TRICORBRAUN HOLDINGS, INC.",Finance & Business Services,500
OMEGA ACQUISITION CORPORATION,Industrials,500
SGLT HOLDINGS,Industrials,500
"GENERATION BRANDS HOLDINGS, INC.",Finance & Business Services,500
"1-800 CONTACTS, INC.",Consumer Products & Retail & E-commerce,500
"INOVAR PACKAGING GROUP, LLC",Industrials,500
"BALBOA WATER GROUP, LLC",Industrials,500
"THREESIXTY GROUP, LTD.",Consumer Products & Retail & E-commerce,500
FLOW CONTROL GROUP,Industrials,500
"PRO MACH GROUP, INC.",Industrials,500
"24 HOUR FITNESS WORLDWIDE, INC.",Consumer Products & Retail & E-commerce,500
"GALCO INDUSTRIAL ELECTRONICS, INC.",Industrials,500
GMS INC.,Industrials,500
EVOQUA WATER TECHNOLOGIES,Consumer Products & Retail & E-commerce,500
BRAND NETWORKS,Finance & Business Services,500
"ARAMSCO HOLDINGS, INC.",Consumer Products & Retail & E-commerce,500
SUHYANG NETWORKS,Consumer Products & Retail & E-commerce,500
DEMATIC,Industrials,500
SPARROWS GROUP,Industrials,500
NES GLOBAL TALENT,Industrials,500
"SWANSON INDUSTRIES, INC.",Industrials,500
EVANS NETWORK,Industrials,500
INDUSTRIAL ACOUSTICS COMPANY,Industrials,500
DAYTON PARTS,Industrials,500
SBP HOLDING LP (SINGER BISHOP),Industrials,500
AT HOME,Consumer Products & Retail & E-commerce,500
"RELADYNE, INC.",Materials & Chemicals,500
BOA GROUP,Industrials,500
LONESTAR GROUP,Industrials,500
"SHOES FOR CREWS, INC.",Consumer Products & Retail & E-commerce,500
COGENT HEALTHCARE,Finance & Business Services,500
PHILLIPS PET FOOD & SUPPLIES,Consumer Products & Retail & E-commerce,500
SEXTANT EDUCATION CORP.,Finance & Business Services,500
NORTHERN CHINA GERMAN AUTOMOTIVE,Consumer Products & Retail & E-commerce,500
"TROXELL COMMUNICATIONS, INC.",Finance & Business Services,500
B.I. INCORPORATED,Finance & Business Services,500
"IMPLUS FOOTCARE, LLC",Consumer Products & Retail & E-commerce,500
SRS DISTRIBUTION INC.,Finance & Business Services,500
"HOUGHTON INTERNATIONAL, INC.",Materials & Chemicals,500
COLONY HARDWARE CORPORATION,Finance & Business Services,500
"NATIONAL REHAB EQUIPMENT, INC.",Finance & Business Services,500
INDUSTRIAL CONTROLS,Industrials,500
"ACOSTA, INC.",Finance & Business Services,500
UNIFRAX CORPORATION,Industrials,500
"PPC INDUSTRIES, INC.",Industrials,500
AutoForm,Finance & Business Services,500
Parkeon,Finance & Business Services,500
HRA Pharma,Healthcare & Biotech,500
SGG,Finance & Business Services,500
Linxens,Industrials,500
Metrologic,Finance & Business Services,500
Sebia,Healthcare & Biotech,500
M7 Group,TMT,500
Megadyne,Industrials,500
Kerneos,Materials & Chemicals,500
Onduline,Industrials,500
2XU,Consumer Products & Retail & E-commerce,500
Ainsworth Pet Nutrition,Consumer Products & Retail & E-commerce,500
Antenna79,Consumer Products & Retail & E-commerce,500
Artsy,Consumer Products & Retail & E-commerce,500
ba&sh,Consumer Products & Retail & E-commerce,500
bliss,Consumer Products & Retail & E-commerce,500
Captain Tortue Group,Consumer Products & Retail & E-commerce,500
Cellular Line,Consumer Products & Retail & E-commerce,500
CLIO,Consumer Products & Retail & E-commerce,500
Cover FX,Consumer Products & Retail & E-commerce,500
Dondup,Consumer Products & Retail & E-commerce,500
DR.WU,Consumer Products & Retail & E-commerce,500
ELEMIS,Consumer Products & Retail & E-commerce,500
El Ganso,Consumer Products & Retail & E-commerce,500
Hanna Andersson,Consumer Products & Retail & E-commerce,500
Intercos,Consumer Products & Retail & E-commerce,500
John Hardy,Consumer Products & Retail & E-commerce,500
Kopari,Consumer Products & Retail & E-commerce,500
Leslie's,Consumer Products & Retail & E-commerce,500
Lily's Kitchen,Consumer Products & Retail & E-commerce,500
Marubi,Consumer Products & Retail & E-commerce,500
O Luxe Holdings Limited,Consumer Products & Retail & E-commerce,500
Peloton,Consumer Products & Retail & E-commerce,500
Pepe Jeans,Consumer Products & Retail & E-commerce,500
Perfect Timing,Consumer Products & Retail & E-commerce,500
Princess Yachts International,Consumer Products & Retail & E-commerce,500
Rapsodia,Consumer Products & Retail & E-commerce,500
R.M. Williams,Consumer Products & Retail & E-commerce,500
Seafolly,Consumer Products & Retail & E-commerce,500
SteelSeries,Consumer Products & Retail & E-commerce,500
StriVectin,Consumer Products & Retail & E-commerce,500
Sweaty Betty,Consumer Products & Retail & E-commerce,500
Trendy International Group,Consumer Products & Retail & E-commerce,500
360fly,Consumer Products & Retail & E-commerce,500
Xin Hee Co. Limited,Consumer Products & Retail & E-commerce,500
TULA,Consumer Products & Retail & E-commerce,500
Zarbee's,Agriculture & Food,500
Alasko,Agriculture & Food,500
Beanitos,Agriculture & Food,1000
Ferrara Candy Company,Agriculture & Food,1000
Naya Waters,Agriculture & Food,1000
Advanced Bio Development (X2),Agriculture & Food,1000
Anthony's Coal Fired Pizza,Consumer Products & Retail & E-commerce,1000
Baccarat,Consumer Products & Retail & E-commerce,1000
Bateel,Consumer Products & Retail & E-commerce,1000
Bodytech,Consumer Products & Retail & E-commerce,1000
Bruxie,Consumer Products & Retail & E-commerce,1000
CÉ LA VI,Consumer Products & Retail & E-commerce,1000
Cheddar's,Consumer Products & Retail & E-commerce,1000
Chopt,Consumer Products & Retail & E-commerce,1000
CorePower Yoga,Consumer Products & Retail & E-commerce,1000
Crystal Jade,Consumer Products & Retail & E-commerce,1000
Edible Arrangements,Consumer Products & Retail & E-commerce,1000
Home Chef,Consumer Products & Retail & E-commerce,1000
Hopdoddy,Consumer Products & Retail & E-commerce,1000
Jones The Grocer Group,Consumer Products & Retail & E-commerce,1000
Mendocino Farms,Consumer Products & Retail & E-commerce,1000
Noodles & Company,Consumer Products & Retail & E-commerce,1000
PIADA Italian Street Food,Consumer Products & Retail & E-commerce,1000
PIRCH,Consumer Products & Retail & E-commerce,1000
Primanti Bros.,Consumer Products & Retail & E-commerce,1000
Protein Bar,Consumer Products & Retail & E-commerce,1000
Snap Kitchen,Consumer Products & Retail & E-commerce,1000
Velvet Taco,Consumer Products & Retail & E-commerce,1000
Asiaray Media Group,Consumer Products & Retail & E-commerce,1000
Caredent,Consumer Products & Retail & E-commerce,1000
"ClearChoice Holdings, LLC",Consumer Products & Retail & E-commerce,1000
Espaçolaser,Consumer Products & Retail & E-commerce,1000
Genesis Luxury,Consumer Products & Retail & E-commerce,1000
HelloWorld,Consumer Products & Retail & E-commerce,1000
Ideal Image,Consumer Products & Retail & E-commerce,1000
One Spa World,Consumer Products & Retail & E-commerce,1000
Pain Doctor,Consumer Products & Retail & E-commerce,1000
PatientPoint,Consumer Products & Retail & E-commerce,1000
PetVet Care Centers,Consumer Products & Retail & E-commerce,1000
Pure Barre,Consumer Products & Retail & E-commerce,1000
Sasseur,Consumer Products & Retail & E-commerce,1000
Steiner Education Group,Consumer Products & Retail & E-commerce,1000
St. Marche Group,Consumer Products & Retail & E-commerce,1000
VER,Consumer Products & Retail & E-commerce,1000
Vroom,Consumer Products & Retail & E-commerce,1000
YG Entertainment,Consumer Products & Retail & E-commerce,1000
Ginza 6-Chome,Real Estate & Hospitality,1000
L'Avenue Shanghai,Real Estate & Hospitality,1000
Miami Design District,Real Estate & Hospitality,1000
BACKCOUNTRY,Consumer Products & Retail & E-commerce,1000
CANYON BICYCLES,Consumer Products & Retail & E-commerce,1000
CHARMING CHARLIE,Consumer Products & Retail & E-commerce,1000
Dogs Well,Consumer Products & Retail & E-commerce,1000
DUCKHORN,Agriculture & Food,1000
Pabst,Agriculture & Food,1000
Paige,Consumer Products & Retail & E-commerce,1000
planet fitness,Consumer Products & Retail & E-commerce,1000
Raybern's,Agriculture & Food,1000
Revolve,Consumer Products & Retail & E-commerce,1000
Amromco,Energy & Infrastructure & Construction,1000
Deep Gulf,Energy & Infrastructure & Construction,1000
Saddle,Energy & Infrastructure & Construction,1000
Arsenal,Energy & Infrastructure & Construction,1000
KrisEnergy,Energy & Infrastructure & Construction,1000
Templar,Energy & Infrastructure & Construction,1000
Ascent,Energy & Infrastructure & Construction,1000
Midstates,Energy & Infrastructure & Construction,1000
Barra,Energy & Infrastructure & Construction,1000
Permian Resources,Energy & Infrastructure & Construction,1000
TARC,Energy & Infrastructure & Construction,1000
Cobalt,Energy & Infrastructure & Construction,1000
RKI Exploration & Production,Energy & Infrastructure & Construction,1000
AFGlobal Corporation,Industrials,1000
DOF Subsea,Industrials,1000
PrimeLine,Industrials,1000
Applied-Cleveland,Industrials,1000
Expanse Energy Solutions,Industrials,1000
TNT Crane & Rigging,Industrials,1000
CHC Group Ltd.,Industrials,1000
Hoover Ferguson Group,Industrials,1000
Tri-Point,Industrials,1000
Connect Resource Services,Industrials,1000
Morrison Utility Services,Industrials,1000
9Ren Group,Energy & Infrastructure & Construction,1000
Badger Sportswear,Consumer Products & Retail & E-commerce,1000
Jamieson Laboratories,Consumer Products & Retail & E-commerce,1000
Jetro Cash & Carry,Consumer Products & Retail & E-commerce,1000
Shoes For Crews,Consumer Products & Retail & E-commerce,1000
PQ Corporation,Industrials,1000
The Hillman Group,Industrials,1000
Aramark,Consumer Products & Retail & E-commerce,1000
Pure Gym,Consumer Products & Retail & E-commerce,1000
Volotea,Consumer Products & Retail & E-commerce,1000
Milacron,Industrials,1000
Newark Energy,Industrials,1000
PAE,Aerospace & Defense,1000
JM Swank,Consumer Products & Retail & E-commerce,1000
NILCO,Consumer Products & Retail & E-commerce,1000
PrimeSource,Consumer Products & Retail & E-commerce,1000
Palace Sports & Entertainment,Entertainment,1000
BlueLine Rental,Industrials,1000
Hotel Portfolio,Real Estate & Hospitality,1000
Electro Rent,Industrials,1000
Clipper Windpower,Industrials,1000
ECKA Granules,Industrials,1000
International Textile Group,Industrials,1000
Ryerson,Industrials,1000
SCM Metal Products,Industrials,1000
Terratest,Industrials,1000
Data Blue,TMT,1000
Data2Logistics,TMT,1000
Quark,TMT,1000
Artesyn Embedded Technologies,Industrials,1000
Enbi,Industrials,1000
Fabcon,Industrials,1000
Schutt Sports,Industrials,1000
Vertiv,Industrials,1000
Ying Shing Enterprises,Industrials,1000
Exterion Media,TMT,1000
Valpak,TMT,1000
Key Energy Services,Energy & Infrastructure & Construction,1000
DCA Services,TMT,1000
Sensis,TMT,1000
American Commercial Lines,Transportation,1000
Keen Transport,Transportation,1000
MXD Group,Transportation,1000
Worldwide Flight Services,Transportation,1000
ApplePie SPV ,Finance & Business Services,1000
BevMo! ,Agriculture & Food,1000
FloWorks ,Industrials,1000
Gravity Media,TMT,1000
GSE,Consumer Products & Retail & E-commerce,1000
ICS,Healthcare & Biotech,1000
Infopro Digital,TMT,1000
J.Jill,Consumer Products & Retail & E-commerce,1000
Kaporal,Consumer Products & Retail & E-commerce,1000
La Maison Bleue,Education,1000
Ladder Capital Finance,Finance & Business Services,1000
Metallo,Materials & Chemicals,1000
OVH,TMT,1000
R1 RCM Inc.,Finance & Business Services,2000
Sound Physicians,Healthcare & Biotech,2000
Sports Capital Holdings,Consumer Products & Retail & E-commerce,2000
True Religion,Consumer Products & Retail & E-commerce,2000
TriMedx,Healthcare & Biotech,2000
Unison Site Management,Consumer Products & Retail & E-commerce,2000
Van Geloven,Consumer Products & Retail & E-commerce,2000
Vistage,Consumer Products & Retail & E-commerce,2000
Wilton Brands Inc.,Consumer Products & Retail & E-commerce,2000
Grupo Konecta,Finance & Business Services,2000
Euro Media Group,Finance & Business Services,2000
VPS,Finance & Business Services,2000
IPH,Finance & Business Services,2000
Kiloutou,Finance & Business Services,2000
Roompot,Agriculture & Food,2000
B&B Hotels,Agriculture & Food,2000
Labeyrie Fine Foods,Agriculture & Food,2000
Froneri,Agriculture & Food,2000
Marcolin,Agriculture & Food,2000
Kaufman & Broad,Agriculture & Food,2000
Innovista Sensors,Industrials,2000
ADB Safegate,Industrials,2000
Perstorp,Industrials,2000
Atos Medical,Healthcare & Biotech,2000
Ethypharm,Healthcare & Biotech,2000
DomusVi,Healthcare & Biotech,2000
Cerba Healthcare,Healthcare & Biotech,2000
AS Adventure,Consumer Products & Retail & E-commerce,2000
Grupo Cortefiel,Consumer Products & Retail & E-commerce,2000
Point Resources,Energy & Infrastructure & Construction,2000
Flux Group,Energy & Infrastructure & Construction,2000
Aquamarine Subsea,Energy & Infrastructure & Construction,2000
DeepWell,Energy & Infrastructure & Construction,2000
CapeOmega,Energy & Infrastructure & Construction,2000
Circle Group,Energy & Infrastructure & Construction,2000
Verus Petroleum,Energy & Infrastructure & Construction,2000
Offshore Merchant Partners,Finance & Business Services,2000
Energy Drilling,Industrials,2000
Suretank,Industrials,2000
Momek Group,Industrials,2000
Axis Offshore,Real Estate & Hospitality,2000
Global Maritime Group,Industrials,2000
Ocean Installer ,Aerospace & Defense,2000
Atlantica Tender Drilling,Energy & Infrastructure & Construction,2000
Agility Group,Industrials,2000
Align,Industrials,2000
STG,Industrials,2000
Axon Energy Products,Industrials,2000
Apply,Industrials,2000
Aarbakke Group,Industrials,2000
American & Efird,Industrials,2000
Chassis Brakes International Group,Industrials,2000
Electrical Components International,Industrials,2000
Expera Specialty Solutions,Materials & Chemicals,2000
Heritage Home Group ,Consumer Products & Retail & E-commerce,2000
International Equipment Solutions,Industrials,2000